rally,ball_round,time,frame_num,roundscore_A,roundscore_B,player,server,type,aroundhead,backhand,landing_height,landing_area,landing_x,landing_y,lose_reason,getpoint_player,player_location_area,player_location_x,player_location_y,opponent_location_area,opponent_location_x,opponent_location_y,set,match_id,rally_id
3,1,00:08:55,16056,2,1,15,1,short service,0.0,0,2.0,7,0.4878048780487805,-0.5091145833333334,,,8,154.9,679.22,8,210.0,293.21,1,49,4146
3,2,00:08:55,16077,2,1,3,3,drive,0.0,1,2.0,7,0.5219512195121953,-0.0630208333333334,touched the net,15.0,8,227.9,364.83,8,158.7,678.14,1,49,4146
3,1,00:31:22,56485,3,0,15,1,short service,0.0,0,2.0,7,0.6109756097560974,0.6578124999999998,,,8,160.4,320.8,8,212.8,708.09,2,49,4183
3,2,00:31:23,56508,3,0,3,3,push/rush,0.0,1,2.0,10,0.9743902439024392,-1.7898958333333332,out,15.0,8,185.6,611.92,8,184.4,340.75,2,49,4183
3,1,00:49:22,88874,3,0,15,1,short service,0.0,0,2.0,8,-0.3695121951219514,-0.6351041666666667,,,8,179.6,678.28,8,132.7,292.18,3,49,4213
3,2,00:49:23,88894,3,0,3,2,push/rush,0.0,1,1.0,3,1.1682926829268294,1.51171875,,,8,157.2,359.35,8,170.9,685.87,3,49,4213
3,3,00:49:24,88929,3,0,15,2,clear,1.0,0,1.0,3,-0.9426829268292682,-1.4385416666666666,,,8,180.6,725.65,8,196.9,318.76,3,49,4213
3,4,00:49:25,88961,3,0,3,3,clear,1.0,0,2.0,10,0.7707317073170731,1.8302083333333328,out,15.0,8,147.6,245.62,8,163.4,732.21,3,49,4213
