{
"0": 5.666666666666667,
"1": 5.666666666666667,
"2": 5.666666666666667,
"3": 5.666666666666667,
"4": 5.666666666666667,
"5": 5.666666666666667,
"6": 5.666666666666667,
"7": 5.666666666666667,
"8": 5.666666666666667,
"9": 5.666666666666667,
"10": 5.666666666666667,
"11": 5.666666666666667,
"12": 5.666666666666667,
"13": 5.666666666666667,
"14": 5.666666666666667,
"15": 5.666666666666667,
"16": 5.666666666666667,
"17": 5.666666666666667,
"18": 5.666666666666667,
"19": 5.666666666666667,
"20": 5.666666666666667,
"21": 5.666666666666667,
"22": 5.666666666666667,
"23": 5.666666666666667,
"24": 5.666666666666667,
"25": 5.666666666666667,
"26": 5.666666666666667,
"27": 5.666666666666667,
"28": 5.666666666666667,
"29": 5.666666666666667,
"30": 5.666666666666667,
"31": 5.666666666666667,
"32": 5.666666666666667,
"33": 5.666666666666667,
"34": 5.666666666666667,
"35": 5.666666666666667,
"36": 5.666666666666667,
"37": 5.666666666666667,
"38": 5.666666666666667,
"39": 5.666666666666667,
"40": 5.666666666666667,
"41": 5.666666666666667,
"42": 5.666666666666667,
"43": 5.666666666666667,
"44": 5.666666666666667,
"45": 5.666666666666667,
"46": 5.666666666666667,
"47": 5.666666666666667,
"48": 5.666666666666667,
"49": 5.666666666666667,
"50": 5.666666666666667,
"51": 5.666666666666667,
"52": 5.666666666666667,
"53": 5.666666666666667,
"54": 5.666666666666667,
"55": 5.666666666666667,
"56": 5.666666666666667,
"57": 5.666666666666667,
"58": 5.666666666666667,
"59": 5.666666666666667,
"60": 5.666666666666667,
"61": 5.666666666666667,
"62": 5.666666666666667,
"63": 5.666666666666667,
"64": 5.666666666666667,
"65": 5.666666666666667,
"66": 5.666666666666667,
"67": 5.666666666666667,
"68": 5.666666666666667,
"69": 5.666666666666667,
"70": 5.666666666666667,
"71": 5.666666666666667,
"72": 5.666666666666667,
"73": 5.666666666666667,
"74": 5.666666666666667,
"75": 5.666666666666667,
"76": 5.666666666666667,
"77": 5.666666666666667,
"78": 5.666666666666667,
"79": 5.666666666666667,
"80": 5.666666666666667,
"81": 5.666666666666667,
"82": 5.666666666666667,
"83": 5.666666666666667,
"84": 5.666666666666667,
"85": 5.666666666666667,
"86": 5.666666666666667,
"87": 5.666666666666667,
"88": 5.666666666666667,
"89": 5.666666666666667,
"90": 5.666666666666667,
"91": 5.666666666666667,
"92": 5.666666666666667,
"93": 5.666666666666667,
"94": 5.666666666666667,
"95": 5.666666666666667,
"96": 5.666666666666667,
"97": 5.666666666666667,
"98": 5.666666666666667,
"99": 5.666666666666667,
"100": 5.666666666666667,
"101": 5.666666666666667,
"102": 5.666666666666667,
"103": 5.666666666666667,
"104": 5.666666666666667,
"105": 5.666666666666667,
"106": 5.666666666666667,
"107": 5.666666666666667,
"108": 5.666666666666667,
"109": 5.666666666666667,
"110": 5.666666666666667,
"111": 5.666666666666667,
"112": 5.666666666666667,
"113": 5.666666666666667,
"114": 5.666666666666667,
"115": 5.666666666666667,
"116": 5.666666666666667,
"117": 5.666666666666667,
"118": 5.666666666666667,
"119": 5.666666666666667,
"120": 5.666666666666667,
"121": 5.666666666666667,
"122": 5.666666666666667,
"123": 5.666666666666667,
"124": 3.9166666666666665,
"125": 5.666666666666667,
"126": 5.416666666666667,
"127": 5.333333333333333,
"128": 68.5,
"129": 72.58333333333333,
"130": 59.166666666666664,
"131": 10.5,
"132": 4.833333333333333,
"133": 5.0,
"134": 3.4166666666666665,
"135": 5.333333333333333,
"136": 5.0,
"137": 4.666666666666667,
"138": 6.75,
"139": 4.416666666666667,
"140": 54.25,
"141": 10.25,
"142": 7.833333333333333,
"143": 13.083333333333334,
"144": 75.5,
"145": 36408.833333333336,
"146": 64.0,
"147": 69.25,
"148": 10.833333333333334,
"149": 8.583333333333334,
"150": 0.9166666666666666,
"151": 1.25,
"152": 2.5833333333333335,
"153": 5.083333333333333,
"154": 4.75,
"155": 1.0833333333333333,
"156": 0.9166666666666666,
"157": 2.0,
"158": 1.5833333333333333,
"159": 1.5833333333333333,
"160": 1.0,
"161": 0.5,
"162": 0.25,
"163": 1.25,
"164": 0.08333333333333333,
"165": 0.75,
"166": 3.0833333333333335,
"167": 1.75,
"168": 1.0833333333333333,
"169": 0.0,
"170": 0.75,
"171": 1.5,
"172": 13.916666666666666,
"173": 13.416666666666666,
"174": 72.25,
"175": 74.0,
"176": 13.833333333333334,
"177": 14.083333333333334,
"178": 23.166666666666668,
"179": 16.25,
"180": 14.0,
"181": 15.583333333333334,
"182": 11.916666666666666,
"183": 67.0,
"184": 12.916666666666666,
"185": 7.333333333333333,
"186": 10.333333333333334,
"187": 9.75,
"188": 7.166666666666667,
"189": 21.166666666666668,
"190": 70.91666666666667,
"191": 68.91666666666667,
"192": 59.916666666666664,
"193": 60.666666666666664,
"194": 58.666666666666664,
"195": 11.0,
"196": 56.166666666666664,
"197": 36050.083333333336,
"198": 36354.75,
"199": 36359.0,
"200": 36466.583333333336,
"201": 36597.416666666664,
"202": 36681.0,
"203": 36644.666666666664,
"204": 36410.25,
"205": 36518.583333333336,
"206": 65.25,
"207": 68.58333333333333,
"208": 36359.5,
"209": 36346.666666666664,
"210": 36969.916666666664,
"211": 36974.75,
"212": 36264.0,
"213": 36038.666666666664,
"214": 36473.416666666664,
"215": 35995.666666666664,
"216": 35884.583333333336,
"217": 35988.666666666664,
"218": 68.16666666666667,
"219": 36416.75,
"220": 35992.666666666664,
"221": 69.75,
"222": 73.25,
"223": 73.25,
"224": 68.58333333333333,
"225": 63.5,
"226": 67.08333333333333,
"227": 65.83333333333333,
"228": 68.16666666666667,
"229": 65.33333333333333,
"230": 69.08333333333333,
"231": 68.41666666666667,
"232": 66.83333333333333,
"233": 64.91666666666667,
"234": 65.41666666666667,
"235": 65.41666666666667,
"236": 65.75,
"237": 69.75,
"238": 65.41666666666667,
"239": 65.58333333333333,
"240": 41481.0,
"241": 41381.0,
"242": 77.5,
"243": 65.33333333333333,
"244": 47916.166666666664,
"245": null,
"246": null,
"247": null,
"248": null,
"249": null,
"250": null,
"251": null,
"252": null,
"253": null,
"254": null,
"255": null,
"256": null,
"257": null,
"258": null,
"259": null,
"260": null,
"261": null,
"262": null,
"263": null,
"264": null,
"265": null,
"266": null,
"267": null,
"268": null,
"269": null,
"270": null,
"271": null,
"272": null,
"273": null,
"274": null,
"275": null,
"276": null,
"277": null,
"278": null,
"279": null,
"280": null,
"281": null,
"282": null,
"283": null,
"284": null,
"285": null,
"286": null,
"287": null,
"288": null
}