rally,ball_round,time,frame_num,roundscore_A,roundscore_B,player,server,type,aroundhead,backhand,landing_height,landing_area,landing_x,landing_y,lose_reason,getpoint_player,player_location_area,player_location_x,player_location_y,opponent_location_area,opponent_location_x,opponent_location_y,set,match_id,rally_id
21,1,00:18:04,32534,15,6,24,1,short service,0.0,1,2.0,7,0.3878048780487806,0.5283333333333337,,,8,168.3,342.94,8,212.5,685.83,1,30,2456
21,2,00:18:05,32556,15,6,13,2,push/rush,0.0,0,1.0,4,1.0414634146341462,-1.40609375,,,8,188.2,597.87,8,169.3,330.85,1,30,2456
21,3,00:18:06,32587,15,6,24,2,clear,0.0,0,1.0,5,1.4219512195121955,1.4641666666666666,,,8,217.9,222.34,8,202.1,651.48,1,30,2456
21,4,00:18:07,32621,15,6,13,3,drive,0.0,0,2.0,10,1.7365853658536583,-1.4830729166666667,out,13.0,3,268.5,774.46,8,205.3,265.02,1,30,2456
21,1,00:48:22,87070,17,4,13,1,short service,0.0,1,2.0,7,0.3573170731707318,0.56703125,,,8,165.6,335.75,8,221.1,674.42,2,30,2498
21,2,00:48:23,87092,17,4,24,2,lob,0.0,1,2.0,3,-1.1219512195121952,-1.540625,,,8,189.9,622.58,8,172.6,347.67,2,30,2498
21,3,00:48:24,87137,17,4,13,2,drop,0.0,0,2.0,2,-1.1792682926829268,0.3983333333333334,,,3,103.8,199.12,8,155.1,681.61,2,30,2498
21,4,00:48:25,87164,17,4,24,2,net shot,0.0,0,2.0,1,-1.0646341463414637,-0.2223437499999999,,,2,99.9,588.02,8,146.7,257.95,2,30,2498
21,5,00:48:26,87189,17,4,13,3,lob,0.0,0,2.0,4,-1.15,1.6846875,misjudged,13.0,1,102.6,437.22,8,117.6,612.87,2,30,2498
