rally,ball_round,time,frame_num,roundscore_A,roundscore_B,player,server,type,aroundhead,backhand,landing_height,landing_area,landing_x,landing_y,lose_reason,getpoint_player,player_location_area,player_location_x,player_location_y,opponent_location_area,opponent_location_x,opponent_location_y,set,match_id,rally_id
4,1,00:08:37,15536,1,3,31,1,short service,0.0,1,2.0,2,0.9280487804878048,-0.4091666666666667,,,8,162.3,602.78,8,213.3,280.61,1,52,4387
4,2,00:08:38,15558,1,3,32,2,lob,0.0,1,1.0,6,-1.3390243902439023,1.4767708333333331,,,7,216.0,379.95,8,196.7,632.34,1,52,4387
4,3,00:08:39,15596,1,3,31,3,drop,0.0,1,2.0,2,-1.3073170731707318,0.0806770833333333,touched the net,32.0,9,106.5,767.05,8,141.2,303.77,1,52,4387
4,1,00:31:16,56294,2,2,32,1,short service,0.0,1,2.0,7,0.7365853658536586,-0.4425520833333334,,,8,170.0,618.49,8,222.2,295.73,2,52,4422
4,2,00:31:17,56316,2,2,31,2,lob,0.0,1,1.0,8,-0.6597560975609755,1.2113020833333337,,,7,203.1,382.2,8,166.8,612.84,2,52,4422
4,3,00:31:18,56344,2,2,32,2,smash,0.0,0,2.0,8,-0.1426829268292681,-0.8897916666666665,,,8,166.6,687.67,8,155.5,303.66,2,52,4422
4,4,00:31:18,56355,2,2,31,2,defensive shot,0.0,1,2.0,2,-1.0939024390243903,0.6230729166666666,,,8,132.0,263.09,8,159.9,725.95,2,52,4422
4,5,00:31:19,56380,2,2,32,2,lob,0.0,1,2.0,9,0.7012195121951219,-1.5979166666666669,,,8,113.1,611.44,8,130.9,273.52,2,52,4422
4,6,00:31:21,56430,2,2,31,3,lob,0.0,0,2.0,9,0.6951219512195121,-1.4269270833333334,not pass over the net,32.0,4,258.4,153.8,8,191.6,653.72,2,52,4422
