rally,ball_round,time,frame_num,roundscore_A,roundscore_B,player,server,type,aroundhead,backhand,landing_height,landing_area,landing_x,landing_y,lose_reason,getpoint_player,player_location_area,player_location_x,player_location_y,opponent_location_area,opponent_location_x,opponent_location_y,set,match_id,rally_id
30,1,00:26:02,46872,18,12,11,1,short service,0.0,1,2.0,8,0.3609756097560975,-0.6128645833333334,,,8,167.5,616.87,8,208.4,271.96,1,38,3094
30,2,00:26:03,46896,18,12,5,2,net shot,0.0,1,2.0,7,-0.3048780487804878,0.1244270833333332,,,8,182.7,358.36,8,169.9,628.71,1,38,3094
30,3,00:26:03,46917,18,12,11,2,net shot,0.0,0,1.0,7,-0.3231707317073171,-0.0267187499999999,,,7,139.3,525.93,8,173.0,364.21,1,38,3094
30,4,00:26:04,46935,18,12,5,3,net shot,0.0,0,2.0,7,0.1853658536585364,-0.0188541666666666,touched the net,11.0,7,157.2,426.33,7,146.9,574.04,1,38,3094
30,1,01:14:16,133684,14,16,11,1,short service,0.0,1,2.0,7,-0.0585365853658537,0.4768229166666664,,,8,181.6,349.92,8,137.3,674.83,3,38,3161
30,2,01:14:16,133706,14,16,5,2,net shot,0.0,0,2.0,7,-0.8317073170731708,-0.2190625,,,7,136.5,593.09,8,175.9,332.87,3,38,3161
30,3,01:14:17,133728,14,16,11,2,net shot,0.0,0,2.0,7,-0.2109756097560977,0.2573958333333331,,,7,115.7,401.08,8,152.6,623.11,3,38,3161
30,4,01:14:18,133749,14,16,5,3,net shot,0.0,0,2.0,7,-0.8048780487804879,0.17828125,touched the net,11.0,7,149.7,561.13,7,150.9,373.09,3,38,3161
