rally,ball_round,time,frame_num,roundscore_A,roundscore_B,player,server,type,aroundhead,backhand,landing_height,landing_area,landing_x,landing_y,lose_reason,getpoint_player,player_location_area,player_location_x,player_location_y,opponent_location_area,opponent_location_x,opponent_location_y,set,match_id,rally_id
27,1,00:36:47,66211,10,17,2,1,long service,0.0,0,1.0,9,0.6341463414634146,-1.5196354166666666,,,8,167.9,612.26,8,223.9,285.25,2,2,134
27,2,00:36:48,66269,10,17,3,3,smash,0.0,0,2.0,10,-1.5414634146341464,1.118802083333333,out,2.0,9,227.6,199.98,8,186.1,650.24,2,2,134
27,1,00:54:41,98441,15,12,2,1,long service,0.0,0,1.0,9,0.8914634146341462,-1.5479166666666666,,,8,164.0,621.87,8,218.0,302.27,3,2,168
27,2,00:54:43,98496,15,12,3,2,clear,0.0,0,1.0,8,-0.8134146341463415,1.2266666666666666,,,9,246.2,186.46,8,186.6,653.31,3,2,168
27,3,00:54:43,98518,15,12,2,3,smash,1.0,0,2.0,10,-1.5646341463414637,-1.04484375,out,2.0,8,147.4,676.91,8,196.8,239.52,3,2,168
