rally,ball_round,time,frame_num,roundscore_A,roundscore_B,player,server,type,aroundhead,backhand,landing_height,landing_area,landing_x,landing_y,lose_reason,getpoint_player,player_location_area,player_location_x,player_location_y,opponent_location_area,opponent_location_x,opponent_location_y,set,match_id,rally_id
20,1,00:41:40,75014,12,8,10,1,short service,0.0,1,2.0,7,-0.5268292682926828,0.6481250000000003,,,8,183.0,346.33,8,131.2,709.71,2,21,1732
20,2,00:41:41,75035,12,8,19,2,lob,0.0,1,1.0,9,0.7268292682926829,-1.4077604166666664,,,8,152.5,647.28,8,159.3,315.41,2,21,1732
20,3,00:41:42,75071,12,8,10,2,drop,1.0,0,2.0,6,-1.3195121951219513,0.8211979166666664,,,8,213.9,217.58,8,209.0,688.39,2,21,1732
20,4,00:41:43,75091,12,8,19,3,drop,0.0,1,2.0,7,-0.6646341463414634,0.15875,not pass over the net,10.0,8,120.6,635.29,8,214.1,238.42,2,21,1732
20,1,01:10:16,126495,13,7,19,1,short service,0.0,1,2.0,7,0.2219512195121949,-0.2023437500000001,,,8,170.4,628.34,8,233.9,272.43,3,21,1774
20,2,01:10:17,126516,13,7,10,2,net shot,0.0,0,2.0,7,0.373170731707317,0.3257291666666664,,,7,219.5,398.82,8,187.8,622.74,3,21,1774
20,3,01:10:18,126540,13,7,19,3,lob,0.0,1,2.0,10,1.7134146341463414,-1.454114583333333,out,10.0,7,210.1,565.25,8,197.1,343.65,3,21,1774
