rally,ball_round,time,frame_num,roundscore_A,roundscore_B,player,server,type,aroundhead,backhand,landing_height,landing_area,landing_x,landing_y,lose_reason,getpoint_player,player_location_area,player_location_x,player_location_y,opponent_location_area,opponent_location_x,opponent_location_y,set,match_id,rally_id
32,1,00:23:55,43062,16,16,27,1,long service,0.0,0,1.0,3,1.0890243902439023,1.723854166666667,,,8,152.6,301.42,8,231.4,702.72,1,37,2985
32,2,00:23:57,43122,16,16,28,2,clear,0.0,0,2.0,4,1.5134146341463417,-1.51453125,,,9,246.6,795.38,8,177.5,292.64,1,37,2985
32,3,00:23:58,43156,16,16,27,2,drop,0.0,1,1.0,1,1.2036585365853658,0.2626562499999997,,,6,271.5,208.84,8,222.7,680.2,1,37,2985
32,4,00:23:59,43185,16,16,28,3,net shot,0.0,1,2.0,2,1.1073170731707318,-0.4294270833333333,opponent's ball landed,27.0,1,255.2,543.63,8,194.5,250.26,1,37,2985
32,1,00:53:59,97182,18,14,27,1,short service,0.0,0,2.0,8,0.4329268292682927,-0.6575520833333334,,,8,165.9,675.9,8,221.2,260.84,2,37,3027
32,2,00:54:00,97210,18,14,28,3,push/rush,0.0,1,2.0,10,1.6792682926829268,1.65625,out,27.0,8,230.4,354.89,8,188.7,670.67,2,37,3027
32,1,01:21:51,147355,20,12,28,1,short service,0.0,0,2.0,8,0.5597560975609757,0.7278125000000001,,,8,168.6,300.93,8,228.1,694.57,3,37,3067
32,2,01:21:52,147383,20,12,27,3,net shot,0.0,1,2.0,1,-1.1878048780487809,-0.3338541666666668,opponent's ball landed,27.0,8,224.6,618.21,8,185.2,300.43,3,37,3067
