rally,ball_round,time,frame_num,roundscore_A,roundscore_B,player,server,type,aroundhead,backhand,landing_height,landing_area,landing_x,landing_y,lose_reason,getpoint_player,player_location_area,player_location_x,player_location_y,opponent_location_area,opponent_location_x,opponent_location_y,set,match_id,rally_id
6,1,00:08:15,14867,5,1,15,1,short service,0.0,0,2.0,7,-0.1878048780487805,0.4955208333333332,,,8,194.3,304.63,8,129.5,682.55,1,18,1434
6,2,00:08:16,14891,5,1,18,2,lob,0.0,0,1.0,9,-0.7646341463414634,-1.4516145833333336,,,8,125.4,598.03,8,173.2,311.73,1,18,1434
6,3,00:08:17,14927,5,1,15,3,smash,0.0,0,2.0,1,-1.0353658536585366,0.0231770833333332,touched the net,18.0,8,136.3,204.87,8,178.4,674.95,1,18,1434
6,1,00:31:15,56278,4,2,18,1,short service,0.0,1,2.0,7,0.4036585365853657,0.6366666666666667,,,8,166.4,332.72,8,218.7,686.99,2,18,1470
6,2,00:31:16,56299,4,2,15,2,push/rush,0.0,1,2.0,3,-1.0048780487804878,-1.4516666666666669,,,8,181.9,613.32,8,179.5,335.05,2,18,1470
6,3,00:31:17,56335,4,2,18,2,drop,0.0,0,2.0,2,-1.1182926829268294,0.2850000000000001,,,9,123.8,191.08,8,143.2,672.08,2,18,1470
6,4,00:31:18,56368,4,2,15,2,net shot,0.0,0,2.0,1,-0.9939024390243902,-0.055625,,,2,100.4,557.0,8,148.3,285.16,2,18,1470
6,5,00:31:19,56396,4,2,18,2,lob,0.0,0,1.0,8,0.8585365853658538,1.1330729166666664,,,7,106.9,448.66,7,115.6,558.7,2,18,1470
6,6,00:31:22,56462,4,2,15,3,smash,1.0,0,2.0,6,1.3560975609756096,-1.26625,out,18.0,8,209.3,707.29,8,163.8,270.3,2,18,1470
