rally,ball_round,time,frame_num,roundscore_A,roundscore_B,player,server,type,aroundhead,backhand,landing_height,landing_area,landing_x,landing_y,lose_reason,getpoint_player,player_location_area,player_location_x,player_location_y,opponent_location_area,opponent_location_x,opponent_location_y,set,match_id,rally_id
6,1,00:09:56,17890,4,2,30,1,short service,0.0,1,2.0,7,0.3036585365853659,0.2965625000000003,,,8,166.0,331.88,8,218.9,666.96,1,43,3536
6,2,00:09:57,17910,4,2,31,2,net shot,0.0,0,1.0,7,-0.278048780487805,-0.4835937500000001,,,7,205.5,572.29,8,181.3,331.72,1,43,3536
6,3,00:09:57,17930,4,2,30,3,push/rush,0.0,0,2.0,10,0.1207317073170732,1.8163020833333332,out,30.0,7,153.1,402.81,8,198.9,625.58,1,43,3536
6,1,00:37:12,66962,4,2,30,1,short service,0.0,1,2.0,7,0.4182926829268294,-0.2516145833333333,,,8,169.0,621.95,8,223.3,271.19,2,43,3576
6,2,00:37:12,66980,4,2,31,2,net shot,0.0,0,2.0,7,0.5829268292682929,0.1756770833333334,,,7,207.9,376.04,8,183.4,651.05,2,43,3576
6,3,00:37:13,67003,4,2,30,2,lob,0.0,0,1.0,8,-0.6890243902439024,-1.3590625,,,7,204.5,542.36,8,189.9,351.69,2,43,3576
6,4,00:37:14,67041,4,2,31,2,smash,0.0,0,2.0,6,-1.4853658536585366,1.060625,,,8,135.9,205.81,8,175.5,667.01,2,43,3576
6,5,00:37:15,67058,4,2,30,3,defensive shot,0.0,1,2.0,10,-1.603658536585366,1.0151041666666665,not pass over the net,30.0,8,170.1,665.26,8,108.0,206.21,2,43,3576
