rally,ball_round,time,frame_num,roundscore_A,roundscore_B,player,server,type,aroundhead,backhand,landing_height,landing_area,landing_x,landing_y,lose_reason,getpoint_player,player_location_area,player_location_x,player_location_y,opponent_location_area,opponent_location_x,opponent_location_y,set,match_id,rally_id
14,1,00:12:24,22339,6,8,6,1,short service,0.0,1,2.0,8,-0.2256097560975609,0.6779687499999998,,,8,181.5,312.35,8,133.1,683.71,1,39,3185
14,2,00:12:25,22353,6,8,19,2,lob,0.0,1,1.0,4,1.080487804878049,-1.5319270833333334,,,8,151.7,616.95,8,174.5,309.84,1,39,3185
14,3,00:12:26,22391,6,8,6,2,smash,0.0,0,2.0,5,1.5402439024390244,1.07546875,,,9,225.9,197.86,8,204.3,679.36,1,39,3185
14,4,00:12:26,22408,6,8,19,2,defensive shot,0.0,0,1.0,2,1.2231707317073173,-0.3851562499999999,,,8,228.3,685.69,9,246.1,185.46,1,39,3185
14,5,00:12:27,22433,6,8,6,3,push/rush,0.0,1,2.0,6,-1.4548780487804878,1.4458333333333335,opponent's ball landed,19.0,2,264.1,395.37,5,277.0,696.82,1,39,3185
14,1,00:38:33,69398,8,6,6,1,short service,0.0,1,2.0,1,-1.35,-0.4958333333333333,,,8,182.5,628.52,8,135.2,281.29,2,39,3225
14,2,00:38:35,69452,8,6,19,2,lob,0.0,0,1.0,6,-1.2134146341463414,1.4036979166666663,,,5,91.2,359.85,8,161.2,638.73,2,39,3225
14,3,00:38:36,69486,8,6,6,3,smash,0.0,0,2.0,7,0.4182926829268294,0.1125000000000001,touched the net,19.0,8,132.3,736.16,8,140.2,281.25,2,39,3225
