rally,ball_round,time,frame_num,roundscore_A,roundscore_B,player,server,type,aroundhead,backhand,landing_height,landing_area,landing_x,landing_y,lose_reason,getpoint_player,player_location_area,player_location_x,player_location_y,opponent_location_area,opponent_location_x,opponent_location_y,set,match_id,rally_id
13,1,00:12:52,23182,7,6,16,1,long service,0.0,0,1.0,3,1.0341463414634149,1.6465625,,,8,156.3,295.39,8,220.0,683.09,1,23,1849
13,2,00:12:54,23238,7,6,20,2,smash,0.0,0,2.0,6,1.3170731707317074,-0.97921875,,,3,257.2,771.06,8,168.3,282.81,1,23,1849
13,3,00:12:55,23252,7,6,16,2,defensive shot,0.0,1,2.0,1,1.0402439024390244,0.1447916666666667,,,8,175.9,276.48,8,242.5,721.42,1,23,1849
13,4,00:12:55,23277,7,6,20,3,net shot,0.0,0,2.0,1,-1.2646341463414634,-0.3614062499999999,opponent's ball landed,20.0,7,248.9,552.43,8,221.1,293.7,1,23,1849
13,1,00:54:55,98865,10,3,16,1,short service,0.0,1,2.0,7,0.7439024390243902,0.5346874999999999,,,8,154.2,320.44,8,213.1,691.83,3,23,1919
13,2,00:54:55,98878,10,3,20,3,push/rush,0.0,0,2.0,10,-1.6365853658536584,-1.4399479166666669,out,20.0,8,208.9,610.83,8,169.0,292.49,3,23,1919
