rally,ball_round,time,frame_num,roundscore_A,roundscore_B,player,server,type,aroundhead,backhand,landing_height,landing_area,landing_x,landing_y,lose_reason,getpoint_player,player_location_area,player_location_x,player_location_y,opponent_location_area,opponent_location_x,opponent_location_y,set,match_id,rally_id
7,1,00:10:30,18900,7,0,34,1,short service,0.0,1,2.0,7,-0.4890243902439024,-0.5020312499999999,,,8,187.5,612.6,8,122.3,277.89,1,56,4709
7,2,00:10:30,18923,7,0,1,2,net shot,0.0,0,2.0,2,-0.9317073170731708,0.5966145833333331,,,7,155.0,377.86,8,190.2,610.38,1,56,4709
7,3,00:10:31,18954,7,0,34,3,net shot,0.0,1,2.0,1,-1.1390243902439026,-0.3589583333333334,opponent's ball landed,34.0,8,121.8,602.47,8,160.2,324.44,1,56,4709
7,1,00:34:12,61589,4,3,34,1,short service,0.0,1,1.0,7,-0.1121951219512193,0.5847395833333332,,,8,186.5,352.94,8,125.3,685.95,2,56,4741
7,2,00:34:13,61606,4,3,1,3,push/rush,0.0,0,2.0,10,-1.6573170731707318,-1.4821354166666667,out,34.0,7,130.6,572.0,8,173.8,330.33,2,56,4741
