rally,ball_round,time,frame_num,roundscore_A,roundscore_B,player,server,type,aroundhead,backhand,landing_height,landing_area,landing_x,landing_y,lose_reason,getpoint_player,player_location_area,player_location_x,player_location_y,opponent_location_area,opponent_location_x,opponent_location_y,set,match_id,rally_id
6,1,00:10:10,18308,6,0,34,1,short service,0.0,1,2.0,8,0.3414634146341463,-0.5270833333333332,,,8,165.8,611.48,8,230.3,283.23,1,56,4708
6,2,00:10:11,18332,6,0,1,3,net shot,0.0,1,2.0,7,-0.6804878048780487,0.0460416666666665,touched the net,34.0,8,194.3,345.61,8,173.7,648.74,1,56,4708
6,1,00:33:48,60842,3,3,1,1,short service,0.0,1,2.0,8,0.2,-0.5747916666666667,,,8,169.9,629.97,8,237.1,281.24,2,56,4740
6,2,00:33:48,60864,3,3,34,2,net shot,0.0,1,2.0,2,-1.275609756097561,0.4430729166666669,,,8,176.0,345.44,8,189.8,650.77,2,56,4740
6,3,00:33:49,60891,3,3,1,2,lob,0.0,1,1.0,5,-1.1402439024390243,-1.331041666666667,,,2,98.7,569.52,8,155.5,335.86,2,56,4740
6,4,00:33:50,60920,3,3,34,2,smash,0.0,0,2.0,8,0.5182926829268293,1.0399479166666663,,,8,141.6,228.22,8,160.6,642.58,2,56,4740
6,5,00:33:51,60934,3,3,1,3,defensive shot,0.0,0,2.0,10,1.6317073170731708,-0.50390625,out,34.0,8,157.1,685.89,9,111.3,197.79,2,56,4740
