rally,ball_round,time,frame_num,roundscore_A,roundscore_B,player,server,type,aroundhead,backhand,landing_height,landing_area,landing_x,landing_y,lose_reason,getpoint_player,player_location_area,player_location_x,player_location_y,opponent_location_area,opponent_location_x,opponent_location_y,set,match_id,rally_id
1,1,00:06:33,11816,1,0,5,1,short service,0.0,1,1.0,8,-0.2634146341463414,-0.6543749999999999,,,8,185.1,649.12,8,137.9,286.12,1,3,181
1,2,00:06:34,11837,1,0,4,2,net shot,0.0,1,2.0,2,-1.221951219512195,0.3974479166666664,,,8,150.3,339.05,8,183.2,638.06,1,3,181
1,3,00:06:35,11863,1,0,5,3,lob,0.0,1,2.0,10,1.2890243902439025,-1.7415104166666666,out,4.0,8,117.3,595.58,8,159.8,315.23,1,3,181
1,1,00:22:11,39945,1,0,4,1,short service,0.0,1,1.0,7,-0.3463414634146342,-0.5105729166666665,,,8,187.7,641.23,8,144.5,310.57,2,3,214
1,2,00:22:12,39965,1,0,5,3,net shot,0.0,1,2.0,1,-1.0378048780487803,-0.0516145833333334,touched the net,4.0,8,142.9,359.92,8,176.3,642.83,2,3,214
1,1,00:41:09,74079,0,1,5,1,short service,0.0,1,2.0,8,-0.4987804878048781,-0.5335416666666667,,,8,185.6,647.55,8,141.3,300.88,3,3,250
1,2,00:41:10,74102,0,1,4,2,push/rush,0.0,1,1.0,8,0.8658536585365854,1.2461979166666666,,,8,134.7,362.28,8,181.2,649.12,3,3,250
1,3,00:41:10,74125,0,1,5,2,clear,0.0,0,1.0,9,0.8060975609756097,-1.4121875,,,8,180.5,675.27,8,156.1,315.27,3,3,250
1,4,00:41:11,74157,0,1,4,3,smash,1.0,0,2.0,10,2.023170731707317,1.6178645833333334,out,4.0,6,254.9,222.79,8,191.2,672.24,3,3,250
