rally,ball_round,time,frame_num,roundscore_A,roundscore_B,player,server,type,aroundhead,backhand,landing_height,landing_area,landing_x,landing_y,lose_reason,getpoint_player,player_location_area,player_location_x,player_location_y,opponent_location_area,opponent_location_x,opponent_location_y,set,match_id,rally_id
11,1,00:11:24,20526,8,3,5,1,short service,0.0,1,2.0,7,0.5329268292682925,-0.2069270833333334,,,8,171.1,625.69,8,222.0,296.58,1,45,3767
11,2,00:11:24,20545,8,3,33,2,net shot,0.0,0,2.0,7,0.873170731707317,0.3384895833333334,,,7,240.3,372.9,8,172.3,627.06,1,45,3767
11,3,00:11:25,20569,8,3,5,2,lob,0.0,0,1.0,4,1.0731707317073171,-1.4711979166666669,,,7,225.7,559.28,8,220.3,353.05,1,45,3767
11,4,00:11:26,20606,8,3,33,3,smash,0.0,0,2.0,10,1.7280487804878046,1.3944270833333334,out,5.0,9,249.0,190.98,8,214.4,672.47,1,45,3767
11,1,00:29:12,52589,4,7,5,1,short service,0.0,1,2.0,7,0.5402439024390245,0.3315624999999998,,,8,174.1,323.54,8,227.1,665.78,2,45,3804
11,2,00:29:13,52608,4,7,33,2,lob,0.0,1,1.0,4,1.2548780487804876,-1.4159895833333334,,,7,225.4,585.66,8,179.1,327.28,2,45,3804
11,3,00:29:14,52642,4,7,5,2,drop,0.0,1,2.0,7,-0.5317073170731706,0.6593750000000002,,,6,257.3,209.95,8,209.9,647.23,2,45,3804
11,4,00:29:15,52664,4,7,33,2,net shot,0.0,1,1.0,1,-1.0365853658536586,-0.4670833333333333,,,8,138.0,619.01,8,214.2,247.16,2,45,3804
11,5,00:29:16,52689,4,7,5,3,push/rush,0.0,0,2.0,1,-1.1170731707317072,-0.0710416666666666,touched the net,5.0,7,112.0,393.21,8,154.5,636.83,2,45,3804
