rally,ball_round,time,frame_num,roundscore_A,roundscore_B,player,server,type,aroundhead,backhand,landing_height,landing_area,landing_x,landing_y,lose_reason,getpoint_player,player_location_area,player_location_x,player_location_y,opponent_location_area,opponent_location_x,opponent_location_y,set,match_id,rally_id
38,1,00:28:29,51281,17,21,30,1,short service,0.0,1,2.0,7,0.3914634146341462,0.3503645833333332,,,8,171.3,317.74,8,218.5,662.37,1,42,3463
38,2,00:28:30,51301,17,21,5,2,net shot,0.0,0,2.0,7,-0.0378048780487804,0.0404166666666666,,,7,205.3,550.58,8,179.0,317.7,1,42,3463
38,3,00:28:30,51325,17,21,30,3,lob,0.0,1,2.0,9,0.5475609756097561,1.7231250000000002,misjudged,5.0,7,154.9,397.09,7,195.1,544.48,1,42,3463
38,1,01:12:10,129905,19,19,5,1,short service,0.0,1,2.0,7,0.295121951219512,0.360989583333333,,,8,171.3,325.45,8,220.1,655.24,3,42,3524
38,2,01:12:10,129924,19,19,30,2,net shot,0.0,1,2.0,7,0.8646341463414635,-0.1463541666666667,,,7,213.1,552.61,8,170.7,322.89,3,42,3524
38,3,01:12:11,129944,19,19,5,2,net shot,0.0,1,2.0,7,0.073170731707317,0.1533854166666666,,,7,233.8,375.22,7,207.6,586.22,3,42,3524
38,4,01:12:12,129967,19,19,30,2,net shot,0.0,0,2.0,7,-0.479268292682927,-0.1102604166666667,,,7,164.6,540.36,7,196.1,370.43,3,42,3524
38,5,01:12:13,129994,19,19,5,2,lob,0.0,0,1.0,8,-0.3658536585365853,1.275677083333333,,,7,159.2,408.91,7,165.8,576.37,3,42,3524
38,6,01:12:14,130045,19,19,30,3,smash,0.0,0,2.0,10,-1.8073170731707315,-1.1777083333333334,out,5.0,8,163.9,743.14,8,153.6,259.42,3,42,3524
