rally,ball_round,time,frame_num,roundscore_A,roundscore_B,player,server,type,aroundhead,backhand,landing_height,landing_area,landing_x,landing_y,lose_reason,getpoint_player,player_location_area,player_location_x,player_location_y,opponent_location_area,opponent_location_x,opponent_location_y,set,match_id,rally_id
16,1,00:18:10,32716,7,9,15,1,short service,0.0,0,2.0,7,-0.1341463414634146,0.5639583333333332,,,8,190.5,308.3,8,126.8,690.07,1,17,1371
16,2,00:18:11,32743,7,9,16,2,net shot,0.0,1,2.0,2,1.398780487804878,-0.1143229166666666,,,8,181.2,606.19,8,176.0,319.36,1,17,1371
16,3,00:18:12,32768,7,9,15,2,lob,0.0,0,1.0,5,1.1963414634146343,1.42953125,,,2,254.2,420.87,8,200.3,614.71,1,17,1371
16,4,00:18:13,32818,7,9,16,2,smash,0.0,0,2.0,5,-1.1134146341463411,-0.86390625,,,3,257.5,778.29,8,199.9,298.91,1,17,1371
16,5,00:18:14,32834,7,9,15,3,defensive shot,0.0,1,2.0,10,-1.7548780487804878,0.2016145833333332,out,16.0,8,198.0,287.29,3,268.3,789.55,1,17,1371
16,1,00:45:41,82255,10,6,16,1,long service,0.0,0,1.0,9,-0.5719512195121952,1.765208333333333,,,8,182.9,578.0,8,136.6,764.04,2,17,1409
16,2,00:45:43,82313,10,6,15,2,clear,0.0,0,1.0,3,-0.7378048780487805,0.3292187500000001,,,4,118.7,808.3,8,159.8,575.23,2,17,1409
16,3,00:45:44,82346,10,6,16,2,drop,0.0,0,2.0,7,-0.3597560975609756,1.2368229166666669,,,8,130.6,538.48,8,148.5,770.36,2,17,1409
16,4,00:45:45,82367,10,6,15,3,net shot,0.0,0,2.0,7,-0.0609756097560975,1.0209374999999998,touched the net,16.0,8,164.1,722.4,8,157.7,549.42,2,17,1409
